epoch,lr,epoch_seconds,train_loss,train_reg,train_log,train_song_ce,train_frame_ce,val_loss,val_MAE,val_RMSE,val_Acc_1BPM,val_Acc_1%,val_Acc_5%,val_Acc_octave_4%,val_Octave_error_4%,val_P_score,val_Cemgil
1,9.999999999999999e-05,33.71,46.48970136642456,37.82268075942993,0.4878672853112221,5.459639215469361,5.439027500152588,36.1057746887207,28.31938907623291,37.516715778535364,0.02,0.02,0.09,0.08,0.26,0.07547178992587637,0.07228490408347799
2,0.00019999999999999998,25.99,41.21553707122803,32.8413685798645,0.42985819056630137,5.287309062480927,5.3140023946762085,36.42032745361328,28.695281410217284,38.319640666338714,0.04,0.04,0.16,0.15,0.28,0.13634866876228885,0.11707089988303278
3,0.0003,26.56,37.303755235672,29.066386795043947,0.3749897636473179,5.200111734867096,5.324534785747528,39.695946502685544,32.034466133117675,38.079542522408055,0.0,0.0,0.07,0.07,0.37,0.055979467462610184,0.05254246939121571
4,0.0003,29.91,34.90869612693787,26.772376346588135,0.344666463136673,5.12853434085846,5.3262380242347716,35.47636077880859,27.904040718078612,38.15775644803995,0.01,0.02,0.12,0.1,0.21,0.09567850894192359,0.08177655026344663
5,0.0002997836160917475,32.12,32.88140683174133,24.829144859313963,0.31911824457347393,5.076883006095886,5.312521278858185,35.10647567749024,27.62662525177002,35.93586732904098,0.1,0.09,0.18,0.17,0.25,0.1655831930485913,0.1632946070467295
6,0.00029913512151780777,41.21,31.838860416412352,23.85401566028595,0.30397697947919367,5.038300490379333,5.285134637355805,34.97418350219726,27.466298561096192,37.38094847774231,0.03,0.03,0.15,0.11,0.25,0.10881140411282515,0.09471092261294854
7,0.0002980564857348879,39.68,31.159447956085206,23.274354696273804,0.2982094224542379,4.992868065834045,5.188031029701233,35.156358337402345,27.574219627380373,38.9489899118823,0.02,0.02,0.14,0.13,0.21,0.1103061138366952,0.08722102038212418
8,0.00029655098452440956,31.17,29.802938318252565,21.95638551712036,0.28173975758254527,4.963243949413299,5.203137850761413,34.908158416748044,27.385391807556154,38.91889251902806,0.01,0.01,0.14,0.13,0.23,0.10438563829426462,0.09655034315390884
9,0.00029462319004406814,28.89,28.984092807769777,21.22929675579071,0.27278002090752124,4.9204692363739015,5.123092865943908,35.61606323242187,28.045743446350098,39.50823911313924,0.02,0.02,0.11,0.14,0.21,0.11356975171026024,0.07720151115281405
10,0.0002922789569423404,26.3,28.748478651046753,21.02076690196991,0.2699122466146946,4.893069815635681,5.129459536075592,31.696856689453124,24.455384178161623,33.981286888864474,0.05,0.07,0.21,0.2,0.21,0.16486429377899417,0.16387228830800066
11,0.0002895254045781092,26.42,27.280605602264405,19.628129649162293,0.24936491660773755,4.858694553375244,5.088833260536194,37.82233840942383,30.428422889709474,36.11276512162537,0.0,0.01,0.1,0.07,0.29,0.061719560743035945,0.06091628918092768
12,0.0002863708953994048,25.98,27.080147981643677,19.455816864967346,0.24594238363206386,4.830631899833679,5.095513665676117,30.68691940307617,23.503030204772948,33.20069357765566,0.03,0.01,0.2,0.15,0.19,0.13345154228985867,0.13183828553351915
13,0.00028282500954692467,26.4,25.70049386024475,18.137528777122498,0.22985366769135,4.796775937080383,5.072671437263489,39.24091842651367,31.413009757995606,43.12300397531435,0.04,0.03,0.1,0.12,0.23,0.11775878846354101,0.06564394390263
14,0.0002788985157594616,26.52,25.542142868041992,18.002376985549926,0.22905195206403733,4.773517501354218,5.074393248558044,29.399554443359374,22.243010597229002,33.09173240614604,0.07,0.07,0.3,0.25,0.15,0.20920115999244288,0.20043806690066351
15,0.0002746033386695974,26.57,24.520576095581056,17.06362693309784,0.2135748751461506,4.724103879928589,5.038540458679199,31.170423278808595,23.879755249023436,35.60636694230882,0.06,0.06,0.29,0.26,0.16,0.22682729452792103,0.1945883805573602
16,0.0002699525225889861,27.23,24.481269931793214,17.040227365493774,0.2129766896367073,4.709305238723755,5.037521636486053,28.49914291381836,21.442442359924318,30.958422759963835,0.06,0.06,0.23,0.19,0.16,0.17233824273619483,0.17232444255237467
17,0.0002649601918932077,29.97,24.170511102676393,16.747890162467957,0.20832175221294164,4.69240437746048,5.043789434432983,30.030072021484376,22.864094276428222,34.09218549994037,0.04,0.05,0.23,0.22,0.16,0.18976131288054154,0.166750251501019
18,0.0002596415081265043,34.11,23.077942943573,15.714499759674073,0.1964835748076439,4.650542485713959,5.032833755016327,26.48946533203125,19.531197929382323,29.057634141761227,0.03,0.05,0.27,0.26,0.13,0.20359179389313184,0.2035917772586897
19,0.0002540126239566681,31.24,23.237239265441893,15.891219568252563,0.1996166380122304,4.632130300998687,5.028545880317688,38.73964492797852,31.09696762084961,43.372052351314565,0.0,0.0,0.08,0.08,0.21,0.06888954080046161,0.04805031470752613
20,0.00024809063411992044,30.52,22.55604281425476,15.247193264961243,0.1909634917974472,4.614587962627411,5.006596148014069,29.476903228759767,22.26201343536377,35.24015202615998,0.05,0.06,0.26,0.24,0.15,0.20811629041760354,0.17572737755784867
21,0.00024189352350475964,30.81,22.46804232597351,15.166337037086487,0.18919504825025796,4.600723695755005,5.023573338985443,26.06118133544922,19.11150951385498,31.170517348873513,0.06,0.05,0.36,0.3,0.15,0.25634251276714864,0.25370597819159363
22,0.00023544011253244583,30.33,21.145769429206847,13.927865052223206,0.17165603693574666,4.5492334246635435,4.994030594825745,24.185258255004882,17.30456211090088,26.126901051493487,0.11,0.12,0.38,0.36,0.12,0.28865861667191495,0.2814171378526546
23,0.00022874999999999998,30.65,21.103478717803956,13.880199694633484,0.17171265166252853,4.546903085708618,5.00932674407959,25.89679832458496,18.959471702575684,31.438500192155406,0.03,0.05,0.38,0.31,0.13,0.2421928301159363,0.2280855911948624
24,0.0002218435035593017,30.77,21.293912076950072,14.09366911649704,0.177312033995986,4.5332958698272705,4.97926961183548,28.08115005493164,21.088457984924318,33.70757903024872,0.02,0.03,0.21,0.19,0.14,0.15375810938035017,0.13780796449036153
25,0.00021474159801304816,30.83,20.478111886978148,13.351912426948548,0.16642290111631156,4.480126285552979,4.959300589561463,24.287699966430665,17.489077110290527,29.108979975208076,0.08,0.1,0.39,0.36,0.14,0.2899944732371967,0.28629370561469225
26,0.0002074658516149675,31.42,20.141183495521545,13.03192263841629,0.16227431558072566,4.47002364397049,4.953925824165344,23.79125991821289,17.016128425598144,29.352801745503474,0.12,0.13,0.47,0.43,0.16,0.35504351293357345,0.3462077743938473
27,0.00020003836056774147,31.13,19.924423122406004,12.855758929252625,0.15794891119003296,4.444387078285217,4.932656419277191,22.60310203552246,15.892951393127442,28.38484412420429,0.09,0.13,0.5,0.47,0.11,0.4039486175742551,0.3934845915349132
28,0.00019248168191756388,30.35,19.61819303035736,12.577318465709686,0.15786814745515584,4.422031450271606,4.921950232982636,28.060506744384767,21.14236820220947,33.746441653331175,0.02,0.02,0.18,0.16,0.13,0.15541058652472933,0.12021614538903438
29,0.00018481876504913272,27.73,20.161655569076537,13.102372694015504,0.16255814787000417,4.43247423171997,4.928500878810882,23.291460876464843,16.59202777862549,29.488681811571492,0.13,0.16,0.46,0.43,0.13,0.3484265255440513,0.3419138674079496
30,0.00017707288198912316,28.18,19.343361330032348,12.32730530500412,0.15248240828514098,4.406084620952607,4.914978158473969,23.37948554992676,16.65093059539795,28.978176580538385,0.07,0.07,0.44,0.34,0.11,0.2844285726661608,0.2736971955063866
31,0.00016926755672980737,27.36,18.290578532218934,11.355036890506744,0.14194735642522574,4.352848601341248,4.881491208076477,21.471213455200196,14.899587364196778,27.171373654283983,0.15,0.17,0.5,0.45,0.1,0.38717617442652996,0.37900064949258877
32,0.0001614264937874631,27.81,18.417324233055115,11.492006719112396,0.14061816353350878,4.349021339416504,4.871355867385864,20.855895156860353,14.329149284362792,26.322480184905412,0.11,0.14,0.55,0.5,0.1,0.4146329782373304,0.3989951788450767
33,0.0001535735062125369,27.69,18.248651814460754,11.337320339679717,0.14097126089036466,4.336923444271088,4.866873431205749,22.441799545288085,15.830203285217285,29.01700898180102,0.14,0.17,0.5,0.46,0.13,0.40717864919888724,0.3878639065580959
34,0.00014573244327019264,27.55,17.541647124290467,10.682033133506774,0.13269623247906565,4.291806209087372,4.870222902297973,22.539228286743164,15.898801918029784,29.59645950364587,0.09,0.14,0.52,0.5,0.12,0.4287434486471538,0.3903868836963398
35,0.00013792711801087682,27.74,17.6381135225296,10.798812866210938,0.1334142278879881,4.279706203937531,4.852360200881958,20.224534759521486,13.745134162902833,26.18741760121715,0.13,0.15,0.59,0.58,0.1,0.4675711320854852,0.4515645867169274
36,0.0001301812349508673,27.41,17.66346776485443,10.823999762535095,0.13340633679181338,4.2849654912948605,4.842192471027374,20.971273956298827,14.455961723327636,27.70246897511376,0.17,0.19,0.58,0.56,0.12,0.4617826454272158,0.4290008823681851
37,0.0001225183180824361,30.32,17.567251086235046,10.739266741275788,0.13047403525561094,4.281692755222321,4.8316351771354675,19.356341781616212,12.963199119567872,24.354952680520046,0.17,0.17,0.58,0.54,0.09,0.4370886682987675,0.42907920353704576
38,0.00011496163943225855,30.58,17.126046705245972,10.330991959571838,0.1271593678742647,4.253696709871292,4.8283972382545475,20.049101181030274,13.617810020446777,25.75576068328085,0.15,0.16,0.57,0.5,0.1,0.4357428422044751,0.4229127480897962
39,0.0001075341483850325,26.93,16.89896388053894,10.114105784893036,0.12700970582664012,4.249859607219696,4.815977418422699,19.5955574798584,13.207011756896973,25.25672971743524,0.12,0.17,0.56,0.52,0.1,0.4521050353240166,0.4401138349310924
40,0.00010025840198695186,26.84,17.05353674888611,10.28011611700058,0.12790558822453021,4.240746426582336,4.8095370054245,19.60411682128906,13.217941856384277,25.757984321476346,0.16,0.17,0.59,0.57,0.09,0.48908909635543585,0.4595986634613443
41,9.315649644069828e-05,26.98,17.36083242893219,10.579158985614777,0.1302880521863699,4.249417400360107,4.8039356708526615,21.52882499694824,15.052290077209472,29.00735638507898,0.17,0.18,0.52,0.52,0.13,0.45382107801350235,0.4442698308255133
42,8.625000000000002e-05,27.11,16.463114190101624,9.745834118127823,0.11965440902858973,4.1999884724617,4.795274579524994,18.99423294067383,12.673296928405762,24.411089165594785,0.19,0.23,0.58,0.52,0.1,0.47596014194852904,0.4658021468593691
43,7.955988746755417e-05,27.13,16.873145580291748,10.127045726776123,0.12487196996808052,4.223271423578263,4.795913279056549,21.448000411987305,14.952314033508301,29.334875750697044,0.22,0.26,0.53,0.55,0.11,0.48507164871795105,0.4630482963612962
44,7.310647649524036e-05,26.89,16.69007580280304,9.963966912031173,0.12305232444778084,4.206734758615494,4.792643690109253,20.637089233398438,14.23522632598877,28.206768114845282,0.15,0.18,0.59,0.6,0.11,0.49056961255133474,0.45610956395337854
45,6.690936588007958e-05,27.11,16.767138361930847,10.052281761169434,0.12370980959385633,4.199799418449402,4.782694828510285,20.484228286743164,14.077544212341309,27.78393309515929,0.15,0.19,0.57,0.6,0.11,0.5008408390962452,0.4584918427965122
46,6.098737604333191e-05,26.63,16.650245046615602,9.933285874128341,0.12255719667300582,4.203245466947555,4.782313120365143,21.291616973876952,14.820701484680177,28.947443778125706,0.12,0.15,0.59,0.58,0.13,0.494385451886115,0.4571935850352166
47,5.535849187349571e-05,26.77,15.999744749069214,9.339813858270645,0.11481812922284007,4.163544535636902,4.76313601732254,19.462728118896486,13.087313346862793,26.523897836251276,0.26,0.3,0.62,0.6,0.1,0.5283619647379282,0.5027160543028206
48,5.003980810679229e-05,26.75,16.676866459846497,9.977498638629914,0.12327740686014295,4.192437207698822,4.767306458950043,19.575186920166015,13.217787208557128,26.572172372798537,0.22,0.27,0.59,0.61,0.1,0.5197084001208889,0.48275334613141074
49,4.504747741101393e-05,26.77,15.756491708755494,9.107049077749252,0.11264562616124749,4.157679623365402,4.758234643936158,20.153332443237304,13.767767295837402,26.860394075904082,0.19,0.23,0.57,0.54,0.1,0.49424781934980094,0.4646897297334651
50,4.0396661330402574e-05,27.0,16.21684584617615,9.545863810181618,0.11780458716675639,4.17428440451622,4.757786238193512,19.319226379394532,12.982999458312989,26.17128608290586,0.26,0.3,0.61,0.58,0.09,0.5257928961042634,0.5072298187917768
51,3.610148424053841e-05,29.9,15.886897778511047,9.242052483558655,0.11619117725640535,4.161789178848267,4.73372974395752,19.6369873046875,13.275116386413574,26.557259819972572,0.27,0.27,0.6,0.56,0.1,0.5175167234425803,0.49866321027434746
52,3.2174990453075324e-05,31.65,15.862448263168336,9.231617939472198,0.1140261490829289,4.146187102794647,4.741233932971954,19.934612426757813,13.594148292541504,27.01945244355585,0.22,0.25,0.59,0.56,0.11,0.4859966504115286,0.46478017558747126
53,2.862910460059521e-05,31.25,15.68862442970276,9.067767179012298,0.11150899790227413,4.144247615337372,4.730201268196106,19.29880615234375,12.980541725158691,26.232578460267273,0.23,0.26,0.62,0.57,0.1,0.5140749731571213,0.4919096934395429
54,2.5474595421890748e-05,31.51,15.627017545700074,9.004382300376893,0.11030363887548447,4.143285083770752,4.738093161582947,18.936309661865234,12.658723258972168,25.71313835909237,0.2,0.25,0.6,0.6,0.09,0.528657004528454,0.5095357088100204
55,2.2721043057659565e-05,28.69,15.092890405654908,8.507272690534592,0.10575974881649017,4.117444562911987,4.72482670545578,19.31885673522949,13.000763664245605,26.370050855534128,0.23,0.26,0.59,0.57,0.11,0.5175143134313456,0.4957552143583572
56,2.0376809955931815e-05,26.92,15.505184245109557,8.884618353843688,0.11073277965188026,4.139626675844193,4.740412867069244,20.32768730163574,13.95345157623291,28.040624468968335,0.21,0.25,0.57,0.57,0.11,0.5109275075079862,0.468445640673863
57,1.8449015475590423e-05,26.51,15.435670590400695,8.825341427326203,0.11018752446398139,4.133261549472809,4.733760607242584,19.693174743652342,13.361159172058105,26.853848147873123,0.24,0.27,0.58,0.56,0.1,0.518496602517237,0.4855650137203575
58,1.694351426511207e-05,26.85,15.774816465377807,9.159387946128845,0.1131204673089087,4.139436060190201,4.7257437109947205,21.01968620300293,14.5930659866333,29.222872967618184,0.22,0.26,0.58,0.59,0.12,0.520841800112782,0.4828575588629361
59,1.58648784821922e-05,26.97,15.326038646697999,8.735302251577377,0.10835589179769159,4.120957809686661,4.722845339775086,19.294839553833008,12.978976020812988,26.517727992650798,0.26,0.31,0.61,0.61,0.09,0.5460862309232525,0.5074566164149781
60,1.5216383908252446e-05,26.59,15.336863255500793,8.73435965180397,0.10891554718837142,4.132090055942536,4.722996068000794,20.40676078796387,14.022337379455566,28.068281905854477,0.25,0.27,0.58,0.59,0.11,0.5170718868181923,0.4775008374137659
